id,question_text,option_a,option_b,option_c,option_d,correct_option,topic,difficulty,explanation,image_reference
1,Which structure produces cerebrospinal fluid?,Choroid plexus,Arachnoid villi,Pineal gland,Hypothalamus,a,CSF circulation,1,"The choroid plexus, a specialized vascular structure located within the ventricles, is the primary site of cerebrospinal fluid production. Arachnoid villi are instead responsible for CSF absorption into the venous system.",
2,Which cranial nerve controls smell?,CN II,CN I,CN V,CN VII,b,Cranial nerves,1,"The olfactory nerve (cranial nerve I) carries sensory information related to smell from the nasal mucosa to the brain. CN II is the optic nerve for vision, while CN V and VII serve somatosensory and facial functions respectively.",
3,Which lobe is primarily responsible for vision?,Frontal,Temporal,Occipital,Parietal,c,Cortex,1,"The occipital lobe contains the primary visual cortex (area V1), which is the first cortical area to receive and process visual input from the lateral geniculate nucleus. Damage to this region typically results in visual field defects.",
4,The cerebellum is mainly involved in:,Memory,Balance and coordination,Language,Emotion,b,Cerebellum,1,"The cerebellum fine-tunes motor activity, ensuring smooth, coordinated movements and maintaining balance and posture. Although it has connections to cognitive and emotional circuits, its primary role is motor coordination.",
5,Which structure connects the two cerebral hemispheres?,Internal capsule,Corpus callosum,Hippocampus,Basal ganglia,b,White matter,1,"The corpus callosum is the major commissural fiber bundle connecting the left and right cerebral hemispheres, allowing interhemispheric communication. The internal capsule instead carries ascending and descending projection fibers.",
6,Broca's area controls:,Vision,Sensation,Speech production,Hearing,c,Cortex,1,"Broca's area, typically in the dominant (usually left) inferior frontal gyrus, is critical for motor aspects of speech production. Lesions here cause non-fluent (expressive) aphasia with effortful, halting speech but relatively preserved comprehension.",
7,Which cranial nerve innervates the lateral rectus muscle?,CN III,CN IV,CN VI,CN VII,c,Cranial nerves,1,"The abducens nerve (cranial nerve VI) innervates the lateral rectus muscle, which abducts the eye. CN III innervates most other extraocular muscles, and CN IV supplies the superior oblique muscle.",
8,The medulla regulates:,Vision,Respiration and cardiac control,Hearing,Motor planning,b,Brainstem,1,"The medulla oblongata contains vital autonomic centers controlling respiration, heart rate, and blood pressure. Damage to these centers can be life-threatening due to failure of basic cardiorespiratory functions.",
9,Where is the primary motor cortex located?,Precentral gyrus,Postcentral gyrus,Calcarine sulcus,Heschl's gyrus,a,Cortex,1,"The primary motor cortex lies in the precentral gyrus of the frontal lobe and is responsible for voluntary motor control, arranged somatotopically as the motor homunculus. The postcentral gyrus behind it is the primary somatosensory cortex.",
10,The spinal cord ends at approximately which vertebral level in adults?,L2-S1,C1,C7,L1-L2,d,Spinal cord,1,"In adults, the spinal cord typically terminates at the level of L1–L2 as the conus medullaris, below which the cauda equina continues as nerve roots. In infants, the cord extends slightly lower and ascends with growth.",
11,Which tract carries pain and temperature sensation?,Dorsal column,Spinothalamic tract,Corticospinal tract,Cerebellar pathway,b,Tracts,2,"The spinothalamic tract (anterolateral system) carries pain, temperature, and crude touch sensations, crossing within a few segments of entry in the spinal cord. In contrast, the dorsal columns carry vibration and fine touch sensations.",
12,The hippocampus is mainly involved in:,Motor control,Language processing,Memory formation,Reflexes,c,Temporal lobe,2,"The hippocampus, located in the medial temporal lobe, plays a central role in consolidation of short-term memories into long-term declarative memory. Bilateral damage can cause profound anterograde amnesia.",
13,Damage to Wernicke’s area results in:,Non-fluent speech,Loss of smell,Fluent but nonsensical speech,Paralysis,c,Cortex,2,"Lesions in Wernicke’s area, typically in the dominant posterior superior temporal gyrus, cause fluent aphasia where speech output is fluent but often meaningless, with impaired comprehension. Patients are often unaware of their language deficits.",
14,Which artery supplies the lateral cerebral hemispheres?,Vertebral artery,Middle cerebral artery,Posterior cerebral artery,Anterior spinal artery,b,Cerebral blood supply,2,"The middle cerebral artery (MCA) supplies most of the lateral surfaces of the frontal, parietal, and temporal lobes. MCA strokes commonly cause contralateral face and arm weakness and sensory loss, and aphasia if the dominant hemisphere is involved.",
15,The substantia nigra degeneration is associated with:,Alzheimer’s disease,Parkinson’s disease,Stroke,ALS,b,Basal ganglia,2,"Degeneration of dopaminergic neurons in the substantia nigra pars compacta is a hallmark of Parkinson’s disease, leading to bradykinesia, rigidity, and resting tremor. These neurons normally modulate basal ganglia circuits that facilitate movement.",
16,The optic chiasm lesion causes:,Tunnel vision,Bitemporal hemianopia,Monocular blindness,Quadrantanopia,b,Visual pathways,2,"A lesion compressing the central optic chiasm, such as a pituitary adenoma, disrupts decussating nasal retinal fibers and causes bitemporal hemianopia. Monocular blindness occurs with optic nerve lesions, not chiasmal lesions.",
17,Which structure contains dopamine-producing neurons?,Pons,Substantia nigra,Globus pallidus,Amygdala,b,Basal ganglia,2,"The substantia nigra contains dopaminergic neurons that project to the striatum and modulate basal ganglia output. Loss of these neurons results in the motor symptoms of Parkinsonism, whereas the globus pallidus is primarily a GABAergic output nucleus.",
18,The cauda equina consists of:,Cranial nerves,Descending spinal nerve roots,Dural venous sinuses,Ascending fibers,b,Spinal cord,2,The cauda equina is a bundle of lumbar and sacral nerve roots that descend within the lumbar cistern below the conus medullaris. Compression of these roots can cause cauda equina syndrome with saddle anesthesia and bladder dysfunction.,
19,Which nerve exits the brainstem dorsally?,CN III,CN IV,CN V,CN IX,b,Cranial nerves,2,The trochlear nerve (cranial nerve IV) is unique in that it exits the brainstem dorsally from the midbrain and then decussates. Most other cranial nerves emerge ventrally or laterally from the brainstem.,
20,The arcuate fasciculus connects:,Motor and sensory cortex,Broca’s and Wernicke’s areas,Hippocampus and thalamus,Frontal and occipital lobes,b,White matter,2,"The arcuate fasciculus is an association fiber tract connecting Broca’s and Wernicke’s areas in the dominant hemisphere. Lesions can cause conduction aphasia, characterized by impaired repetition with relatively preserved comprehension and fluency.",
21,The fourth ventricle is located between:,Pons and cerebellum,Thalamus and cortex,Hypothalamus and pituitary,Midbrain and pons,a,CSF circulation,2,"The fourth ventricle lies dorsal to the pons and upper medulla and ventral to the cerebellum, forming part of the rhomboid fossa. CSF from the fourth ventricle exits via the median and lateral apertures to enter the subarachnoid space.",
22,Purkinje cells are characteristic of:,Cortex,Brainstem,Cerebellum,Spinal cord,c,Cerebellum,2,Purkinje cells are large inhibitory neurons that form the sole output of the cerebellar cortex to the deep cerebellar nuclei. They integrate excitatory and inhibitory inputs from mossy and climbing fibers to fine-tune motor coordination.,
23,Which layer of meninges is tightly adhered to the brain surface?,Dura mater,Arachnoid mater,Pia mater,Choroid layer,c,Meninges,2,"The pia mater is a delicate vascular membrane that closely follows the contours of the brain and spinal cord. The arachnoid mater lies above it, separated by the subarachnoid space, while the dura mater is the tough outer meningeal layer.",
24,Which nucleus is involved in emotional regulation?,Edinger-Westphal nucleus,Amygdala,Nucleus ambiguus,Red nucleus,b,Limbic system,2,"The amygdala, part of the limbic system in the medial temporal lobe, is crucial for processing fear, threat, and other emotional responses. Lesions can blunt emotional reactions, while hyperactivity is implicated in anxiety disorders.",
25,The internal capsule carries:,Only sensory fibers,Only motor fibers,Both ascending and descending tracts,CSF,c,White matter,2,The internal capsule is a compact white matter structure containing both ascending sensory and descending motor projection fibers between cortex and subcortical structures. Small lesions here can cause dense contralateral motor and sensory deficits.,
26,The limbic system mainly controls:,Motor control,Sensory input,Emotion and memory,Balance,c,Limbic system,2,"The limbic system, including structures like the hippocampus, amygdala, and cingulate gyrus, is involved in emotion, motivation, and memory. Dysfunction can manifest as mood changes, anxiety, or memory impairment.",
27,Which artery predominantly supplies the lateral medulla?,Basilar artery,Middle cerebral artery,Posterior inferior cerebellar artery (PICA),Anterior cerebral artery,c,Cerebrovascular,2,"The posterior inferior cerebellar artery (PICA) supplies much of the lateral medulla and inferior cerebellum. Infarction of PICA can cause Wallenberg (lateral medullary) syndrome with vertigo, dysphagia, and crossed sensory findings.",
28,The nucleus gracilis carries inputs from:,Upper limb vibration sense,Lower limb vibration sense,Facial sensation,Fine motor control,b,Tracts,2,The nucleus gracilis in the medulla receives dorsal column inputs conveying vibration and proprioception from the lower trunk and lower limbs. Upper limb vibration and proprioception ascend to the nearby nucleus cuneatus instead.,
29,Damage to cerebellar hemisphere causes:,Ipsilateral motor incoordination,Contralateral weakness,Bitemporal hemianopia,Aphasia,a,Cerebellum,2,"Each cerebellar hemisphere coordinates movements of the ipsilateral limbs via double decussation of its output pathways. Lesions cause ipsilateral limb ataxia, dysmetria, and intention tremor rather than pure weakness.",
30,Which region contains the primary auditory cortex?,Calcarine sulcus,Precentral gyrus,Heschl's gyrus,Hippocampus,c,Temporal lobe,2,The primary auditory cortex is located in Heschl’s gyrus on the superior surface of the temporal lobe within the lateral sulcus. It receives input from the medial geniculate nucleus of the thalamus and processes basic auditory information.,
31,Which area receives visual input first?,V4,V1,Brodmann area 6,Area 44,b,Visual cortex,2,"The primary visual cortex, also known as V1 or Brodmann area 17, in the occipital lobe is the first cortical recipient of visual information from the lateral geniculate nucleus. Higher visual areas such as V4 process more complex features like color and form.",
32,A lesion in the lateral medulla causes which syndrome?,Brown-Sequard syndrome,Wallenberg syndrome,Horner syndrome,Locked-in syndrome,b,Brainstem,3,"Lateral medullary (Wallenberg) syndrome, often due to PICA infarction, presents with vertigo, nystagmus, ipsilateral facial pain loss, contralateral body pain loss, dysphagia, and hoarseness. Brown-Sequard syndrome refers to hemisection of the spinal cord.",
33,Hemiballismus is due to a lesion of the:,Caudate nucleus,Subthalamic nucleus,Putamen,Hippocampus,b,Basal ganglia,3,"Hemiballismus is characterized by violent flinging movements of one side of the body and classically results from a lesion of the contralateral subthalamic nucleus. This disrupts the indirect pathway, reducing inhibition of thalamocortical motor activity.",
34,The dentate nucleus belongs to the:,Basal ganglia,Limbic system,Cerebellum,Thalamus,c,Cerebellum,3,The dentate nucleus is the largest and most lateral of the deep cerebellar nuclei and is particularly involved in planning and initiation of voluntary movements. It receives input from the lateral cerebellar hemispheres and projects to motor cortical areas via the thalamus.,
35,The tentorium cerebelli separates:,Cortex from pons,Occipital lobe from cerebellum,Brainstem from thalamus,Cerebellum from spinal cord,b,Meninges,3,"The tentorium cerebelli is a dural fold that separates the occipital lobes above from the cerebellum below. Mass lesions can cause transtentorial herniation, compressing the midbrain and cranial nerve III.",
36,The oculomotor nerve nucleus is located in the:,Medulla,Pons,Midbrain,Spinal cord,c,Brainstem,3,"The oculomotor nucleus lies in the midbrain at the level of the superior colliculus, near the midline. It innervates most extraocular muscles and the levator palpebrae; lesions cause ptosis, diplopia, and impaired eye movements.",
37,Which fiber system connects the cerebellum to the midbrain?,Superior cerebellar peduncle,Middle cerebellar peduncle,Inferior cerebellar peduncle,Corticospinal bundle,a,Cerebellum,3,The superior cerebellar peduncle carries most of the efferent output from the cerebellum to the red nucleus and thalamus in the midbrain. The middle peduncle mainly brings pontocerebellar fibers into the cerebellum.,
38,The lateral geniculate nucleus receives input from:,Spinal cord,Hippocampus,Optic tract,Motor cortex,c,Visual pathways,3,The lateral geniculate nucleus of the thalamus receives visual input from the optic tract and relays it to the primary visual cortex in the occipital lobe. The medial geniculate nucleus instead relays auditory information.,
39,Damage to the right parietal lobe may cause:,Broca’s aphasia,Left-sided neglect,Bilateral blindness,Ataxia,b,Cortex,3,"Lesions of the non-dominant (often right) parietal lobe commonly cause contralateral hemispatial neglect, in which the patient ignores stimuli on the left side of space. Broca’s aphasia is associated with dominant frontal lesions instead.",
40,The anterior horn of the spinal cord contains:,Sensory neurons,Motor neurons,Interneurons,Autonomic ganglia,b,Spinal cord,3,"The anterior (ventral) horn of the spinal cord contains the cell bodies of lower motor neurons that project to skeletal muscle. Sensory neurons synapse in the dorsal horn, while autonomic preganglionic neurons are found in the intermediolateral cell column.",
41,The perforant pathway connects the entorhinal cortex to the:,Globus pallidus,Caudate,Nucleus accumbens,Hippocampus,d,Limbic system,3,"The perforant pathway is a major input from the entorhinal cortex to the hippocampus, crucial for memory formation. Degeneration of this pathway is seen early in Alzheimer’s disease and contributes to memory impairment.",
42,Climbing fibers synapse directly on:,Purkinje cells,Granule cells,Thalamic relay cells,Betz cells,a,Cerebellum,3,"Climbing fibers originate in the inferior olive and form powerful excitatory synapses directly on Purkinje cells, strongly influencing their firing. Mossy fibers instead synapse on granule cells, which then activate Purkinje cells via parallel fibers.",
43,Which pathway coordinates reflex head and eye orientation to visual and auditory stimuli?,Vestibulospinal tract,Rubrospinal tract,Tectospinal tract,Dorsal column pathway,c,Brainstem,3,The tectospinal tract originates from the superior colliculus and mediates reflexive orientation movements of the head and neck toward visual and auditory stimuli. Vestibulospinal tracts instead help maintain posture and balance.,
44,A lesion of the fasciculus cuneatus results in loss of:,Lower limb proprioception,Upper limb vibration sense,Pain sensation,Hearing,b,Tracts,3,The fasciculus cuneatus carries vibration and proprioceptive information from the upper trunk and upper limbs to the nucleus cuneatus in the medulla. Lesions here produce ipsilateral loss of these modalities above about T6.,
45,The uncus houses the:,Auditory cortex,Primary motor cortex,Olfactory cortex,Somatosensory cortex,c,Temporal lobe,3,"The uncus, a medial projection of the temporal lobe, contains part of the primary olfactory cortex. Uncal herniation can compress the ipsilateral third nerve and midbrain, leading to a dilated pupil and hemiparesis.",
46,The posterior limb of the internal capsule primarily carries:,Visual signals,Motor fibers,Cerebellar signals,Pain fibers,b,White matter,3,The posterior limb of the internal capsule contains corticospinal motor fibers and key sensory pathways between thalamus and cortex. Small infarcts here can cause dense contralateral hemiparesis and sensory loss.,
47,The mammillothalamic tract connects:,Thalamus and cerebellum,Hypothalamus and pituitary,Mammillary bodies and thalamus,Cortex and pons,c,Limbic system,3,The mammillothalamic tract links the mammillary bodies to the anterior nucleus of the thalamus and is part of the Papez circuit involved in memory processing. Damage can contribute to memory deficits seen in Wernicke–Korsakoff syndrome.,
48,Which nucleus is the major relay for somatosensory input?,Medial geniculate nucleus,Ventral posterior nucleus,Dorsomedial nucleus,Lateral dorsal nucleus,b,Thalamus,3,The ventral posterior nucleus of the thalamus (VPL/VPM) is the principal relay for somatosensory information from the body and face to the primary somatosensory cortex. The medial geniculate nucleus relays auditory information instead.,
49,Which condition occurs from pituitary tumor compression of the optic chiasm?,Right hemianopia,Bitemporal hemianopia,Left homonymous hemianopia,Quadrantanopia,b,Visual pathways,3,"A midline pituitary mass compressing the optic chiasm affects decussating nasal retinal fibers, leading to loss of temporal visual fields in both eyes (bitemporal hemianopia). Homonymous hemianopia typically reflects retrochiasmal lesions.",
50,The olive in the medulla is involved in:,Motor learning,Language processing,Vision,Somatic reflexes,a,Brainstem,3,The inferior olive in the medulla projects climbing fibers to the cerebellum and plays an important role in motor learning and timing. Its activity helps adjust motor output based on sensory feedback and errors.,
51,Which artery mainly supplies the medial surface of the frontal and parietal lobes?,Middle cerebral artery,Anterior cerebral artery,Posterior cerebral artery,Basilar artery,b,Cerebral blood supply,2,"The anterior cerebral artery supplies the medial surfaces of the frontal and parietal lobes, including the leg area of the motor and sensory cortex. Infarction here often produces contralateral leg weakness more than arm or face involvement.",
52,The posterior cerebral artery primarily supplies which cortical region?,Primary motor cortex,Primary somatosensory cortex,Primary visual cortex,Primary auditory cortex,c,Cerebral blood supply,2,"The posterior cerebral artery supplies the occipital lobe, including the primary visual cortex. Infarcts in this territory commonly present with contralateral homonymous hemianopia with macular sparing.",
53,A lesion of the right optic tract will cause which visual field defect?,Right homonymous hemianopia,Left homonymous hemianopia,Bitemporal hemianopia,Right monocular blindness,b,Visual pathways,2,"The right optic tract carries visual information from the left visual fields of both eyes, so a lesion produces left homonymous hemianopia. Bitemporal hemianopia is seen with chiasmal compression, typically from pituitary tumors.",
54,Which structure is most closely associated with regulation of circadian rhythm?,Suprachiasmatic nucleus,Red nucleus,Substantia nigra,Lateral geniculate nucleus,a,Hypothalamus,2,The suprachiasmatic nucleus of the hypothalamus receives direct retinal input and acts as the master circadian pacemaker of the brain. It synchronizes physiological rhythms like sleep wake cycles with the light dark cycle.,
55,The basal ganglia structure that primarily outputs inhibitory signals to the thalamus is the:,Caudate nucleus,Putamen,Globus pallidus internus,Subthalamic nucleus,c,Basal ganglia,3,The globus pallidus internus is a major output nucleus of the basal ganglia that tonically inhibits the thalamus. Modulation of this inhibitory output via direct and indirect pathways allows fine control of movement initiation.,
56,Which tract is most important for voluntary fine movements of the distal limbs?,Anterior corticospinal tract,Lateral corticospinal tract,Reticulospinal tract,Vestibulospinal tract,b,Spinal tracts,2,"The lateral corticospinal tract carries motor commands from the motor cortex to spinal motor neurons controlling fine, skilled movements of distal limb muscles. It crosses in the pyramidal decussation of the caudal medulla.",
57,Which pathway carries vibration and proprioception from the lower limb to the brain?,Spinothalamic tract,Fasciculus gracilis,Fasciculus cuneatus,Spinocerebellar tract,b,Spinal tracts,1,"The fasciculus gracilis is the medial component of the dorsal column that carries fine touch, vibration, and conscious proprioception from the lower trunk and lower limbs. Fibers ascend ipsilaterally to synapse in the nucleus gracilis of the medulla.",
58,A lesion of the left facial nerve after it leaves the brainstem will produce which finding?,Weakness of lower right face only,Weakness of upper left face only,Weakness of entire left side of face,Weakness of entire right side of face,c,Cranial nerves,2,"A lower motor neuron lesion of the facial nerve after it exits the brainstem causes flaccid paralysis of the entire ipsilateral facial muscles, including the forehead. In contrast, an upper motor neuron lesion usually spares the forehead due to bilateral cortical innervation.",
59,Which cranial nerve carries taste sensation from the anterior two thirds of the tongue?,Glossopharyngeal nerve,Vagus nerve,Trigeminal nerve,Facial nerve,d,Cranial nerves,1,"Taste from the anterior two thirds of the tongue is carried by the chorda tympani branch of the facial nerve, which joins the lingual nerve. The glossopharyngeal nerve carries taste from the posterior one third of the tongue.",
60,The nucleus ambiguus is primarily involved in which function?,Eye movement control,Swallowing and phonation,Pain modulation,Visual reflexes,b,Brainstem,3,"The nucleus ambiguus in the medulla contains motor neurons that innervate muscles of the pharynx and larynx via cranial nerves IX and X. Lesions here cause dysphagia, hoarseness, and diminished gag reflex.",
61,A patient with right foot drop and left-sided loss of pain and temperature below the T10 level most likely has which syndrome?,Central cord syndrome,Brown-Sequard syndrome on the right at T10,Anterior cord syndrome,Cauda equina syndrome,b,Spinal cord,3,Brown-Sequard syndrome results from hemisection of the spinal cord and produces ipsilateral motor weakness and loss of dorsal column modalities with contralateral loss of pain and temperature a few levels below the lesion. The described crossed pattern localizes to a right hemicord lesion at T10.,
62,Which structure is most critically involved in fear conditioning and emotional salience of stimuli?,Hippocampus,Amygdala,Caudate nucleus,Subthalamic nucleus,b,Limbic system,2,"The amygdala assigns emotional significance to sensory stimuli, particularly threats, and is key for fear conditioning. Damage can blunt fear responses, while hyperactivity is associated with anxiety and phobic disorders.",
63,The main output of the hippocampus travels through which structure?,Fornix,Mammillothalamic tract,Internal capsule,Uncinate fasciculus,a,Limbic system,2,The fornix is a major efferent pathway carrying signals from the hippocampus to the mammillary bodies and septal nuclei. It is an important link in the Papez circuit involved in memory processing.,
64,Which region of the spinal cord contains the intermediolateral cell column?,Cervical enlargement C3 to C5,Thoracic and upper lumbar segments T1 to L2,Lumbosacral enlargement L4 to S2,Entire spinal cord,b,Spinal cord,2,"The intermediolateral cell column from T1 to L2 contains sympathetic preganglionic neurons that project to sympathetic ganglia. Lesions here can disrupt sympathetic outflow, contributing to Horner syndrome when upper segments are involved.",
65,Horner syndrome typically includes all of the following EXCEPT:,Ptosis,Miosis,Anhidrosis,Mydriasis,d,Autonomic pathways,1,"Horner syndrome results from disruption of sympathetic pathways to the eye and face and is characterized by ptosis, miosis, and anhidrosis. Mydriasis is the opposite of the pupillary constriction seen in this condition.",
66,Which cerebellar lesion pattern is most likely to cause truncal ataxia and a wide-based gait?,Lesion of the flocculonodular lobe,Lesion of the vermis,Lesion of the lateral cerebellar hemispheres,Lesion of the dentate nucleus only,b,Cerebellum,2,"The cerebellar vermis and fastigial nucleus are involved in control of axial muscles and posture. Lesions typically cause truncal ataxia with a broad based, unsteady gait, while lateral hemisphere lesions more often cause limb ataxia.",
67,A lesion in the flocculonodular lobe of the cerebellum primarily affects:,Fine hand movements,Eye movements and balance,Language fluency,Autonomic function,b,Cerebellum,2,The flocculonodular lobe and vestibulocerebellum are heavily connected with vestibular nuclei and are important for maintaining balance and coordinating eye movements. Lesions can cause nystagmus and vertigo.,
68,Which thalamic nucleus relays visual information to the cortex?,Medial geniculate nucleus,Lateral geniculate nucleus,Ventral posterior nucleus,Pulvinar,b,Thalamus,1,"The lateral geniculate nucleus receives input from the optic tract and relays it to the primary visual cortex in the occipital lobe. In contrast, the medial geniculate nucleus relays auditory information to the auditory cortex.",
69,The medial geniculate nucleus is primarily associated with which sensation?,Vision,Hearing,Somatosensation,Olfaction,b,Thalamus,1,The medial geniculate nucleus of the thalamus is part of the auditory pathway and relays information from the inferior colliculus to the primary auditory cortex. The lateral geniculate nucleus serves the visual system.,
70,A lesion of the frontal eye field on the right side initially causes the eyes to deviate:,To the right,To the left,Downward,Upward,a,Cortex,3,"Acute lesions of the frontal eye field cause transient deviation of the eyes toward the side of the lesion because the tonic drive to look contralaterally is lost. Over time, other centers may compensate and restore more normal eye position.",
71,Which cortical area is primarily involved in understanding spoken language?,Broca area,Wernicke area,Primary auditory cortex,Supplementary motor area,b,Cortex,1,Wernicke area in the dominant posterior superior temporal gyrus is crucial for comprehension of spoken and written language. Lesions cause fluent aphasia with impaired understanding and production of meaningful content.,
72,"A patient presents with ataxia, intention tremor, and dysdiadochokinesia of the right arm. The lesion is most likely located in the:",Right cerebellar hemisphere,Left cerebellar hemisphere,Right frontal lobe,Left basal ganglia,a,Cerebellum,2,"Each cerebellar hemisphere coordinates movements of the ipsilateral limbs. Limb ataxia, intention tremor, and impaired rapid alternating movements of the right arm localize to a lesion in the right cerebellar hemisphere.",
73,Which cranial nerve nucleus is located in the pons and mediates lateral eye movement?,Oculomotor nucleus,Trochlear nucleus,Abducens nucleus,Vestibular nucleus,c,Brainstem,1,"The abducens nucleus in the dorsal pons innervates the lateral rectus muscle via cranial nerve VI, producing eye abduction. It is also linked to the contralateral oculomotor nucleus through the medial longitudinal fasciculus for horizontal gaze.",
74,Lesion of the medial longitudinal fasciculus (MLF) commonly results in which clinical syndrome?,Horner syndrome,Internuclear ophthalmoplegia,Locked in syndrome,Parinaud syndrome,b,Brainstem,3,"Lesions of the MLF disrupt communication between abducens and oculomotor nuclei, causing internuclear ophthalmoplegia with impaired adduction of the eye ipsilateral to the lesion and nystagmus of the abducting contralateral eye.",
75,Which cranial nerve carries parasympathetic fibers to the parotid gland?,Facial nerve,Glossopharyngeal nerve,Vagus nerve,Trigeminal nerve,b,Cranial nerves,2,"Parasympathetic fibers from the glossopharyngeal nerve synapse in the otic ganglion and then reach the parotid gland via the auriculotemporal nerve. The facial nerve supplies parasympathetics to the submandibular, sublingual, and lacrimal glands.",
76,A lesion of the right primary motor cortex involving the hand area will cause:,Weakness of the left hand,Weakness of the right hand,Weakness of both hands equally,No motor deficit,a,Cortex,1,The primary motor cortex controls contralateral voluntary movement. A lesion in the right hand area of the motor homunculus causes weakness or loss of fine motor control in the left hand.,
77,Which spinal cord lesion typically causes loss of pain and temperature in a cape like distribution over the shoulders and arms?,Brown-Sequard syndrome,Central cord lesion such as syringomyelia,Posterior cord syndrome,Anterior spinal artery infarct,b,Spinal cord,2,"Central cord lesions, as in syringomyelia, often damage crossing spinothalamic fibers near the central canal at cervical levels. This produces bilateral loss of pain and temperature in a cape like pattern while sparing dorsal column modalities.",
78,The primary somatosensory cortex is located in which gyrus?,Precentral gyrus,Postcentral gyrus,Angular gyrus,Cingulate gyrus,b,Cortex,1,"The postcentral gyrus of the parietal lobe contains the primary somatosensory cortex, which receives tactile, proprioceptive, and nociceptive input from the body via thalamic relays. It is organized somatotopically as a sensory homunculus.",
79,Which structure is most closely associated with consolidation of declarative long term memories?,Amygdala,Prefrontal cortex,Hippocampus,Cerebellum,c,Limbic system,2,"The hippocampus plays a central role in converting short term experiences into long term declarative memories. Bilateral hippocampal damage, as in anoxic injury, can lead to severe anterograde amnesia.",
80,A patient with left facial weakness sparing the forehead and left arm weakness most likely has a lesion in the:,Left facial nerve at the stylomastoid foramen,Right internal capsule or motor cortex,Left pons involving the facial nucleus,Right medulla involving corticospinal tract,b,Cortex,3,"Forehead sparing facial weakness with contralateral arm weakness suggests an upper motor neuron lesion affecting corticobulbar and corticospinal fibers, such as a right internal capsule or right motor cortex lesion. Peripheral facial nerve lesions typically involve the entire ipsilateral face.",
81,The cerebellar peduncle that carries mainly pontocerebellar afferent fibers is the:,Superior cerebellar peduncle,Middle cerebellar peduncle,Inferior cerebellar peduncle,Medial cerebellar peduncle,b,Cerebellum,2,The middle cerebellar peduncle is composed largely of pontocerebellar fibers that convey information from the contralateral cerebral cortex to the cerebellum. The superior peduncle mainly carries cerebellar efferent fibers.,
82,Which midbrain structure is involved in vertical gaze control and can be affected in Parinaud syndrome?,Red nucleus,Superior colliculus and pretectal area,Substantia nigra,Inferior olive,b,Brainstem,3,"Lesions of the dorsal midbrain affecting the superior colliculus and pretectal area can produce Parinaud syndrome with vertical gaze palsy, pupillary light near dissociation, and lid retraction. Pineal region tumors are a classic cause.",
83,Which cerebellar deep nucleus is most associated with limb motor planning and coordination?,Fastigial nucleus,Interposed nuclei,Dentate nucleus,Vestibular nuclei,c,Cerebellum,2,"The dentate nucleus is the largest and most lateral deep cerebellar nucleus and is heavily involved in planning, initiation, and coordination of voluntary limb movements through its connections with motor cortical areas.",
84,A lesion of the anterior spinal artery at the thoracic level typically spares which function?,Pain and temperature sensation,Voluntary motor control,Dorsal column modalities such as vibration,Bladder control,c,Spinal cord,3,"Anterior spinal artery infarcts damage the anterior two thirds of the spinal cord, affecting corticospinal and spinothalamic tracts but usually sparing the dorsal columns which are supplied by posterior spinal arteries. Thus vibration and proprioception can be preserved.",
85,Which of the following best describes the role of the basal ganglia in movement?,Directly innervates lower motor neurons to produce contraction,Refines and permits appropriate voluntary movements via thalamocortical loops,Controls reflexive postural adjustments via vestibulospinal tracts,Generates primary motor commands for all skeletal muscles,b,Basal ganglia,2,The basal ganglia do not directly innervate lower motor neurons but instead modulate thalamocortical motor circuits. They facilitate desired movements and suppress competing unwanted movements through complex direct and indirect pathways.,
86,A lesion restricted to the dorsal columns bilaterally at the cervical level will primarily cause:,Spastic quadriparesis with hyperreflexia,Loss of vibration and proprioception in all four limbs,Loss of pain and temperature in a cape like distribution,Flaccid paralysis of the upper limbs,b,Spinal tracts,2,Bilateral dorsal column damage at the cervical level disrupts vibration and conscious proprioception from both upper and lower limbs while sparing pain and temperature pathways carried in the spinothalamic tracts.,
87,Which hypothalamic region is primarily responsible for thermoregulation and responds to increased body temperature?,Anterior hypothalamus,Posterior hypothalamus,Lateral hypothalamus,Supraoptic nucleus,a,Hypothalamus,2,"The anterior hypothalamus promotes heat loss responses such as vasodilation and sweating when body temperature rises, functioning as a heat dissipation center. The posterior hypothalamus is more involved in heat conservation mechanisms.",
88,The lateral spinothalamic tract carries which modalities?,Fine touch and vibration,Pain and temperature,Motor commands to axial muscles,Unconscious proprioception,b,Spinal tracts,1,The lateral spinothalamic tract is part of the anterolateral system and conveys pain and temperature sensations from the body to the thalamus. Fine touch and vibration are instead carried in the dorsal columns.,
89,A patient with bilateral loss of pain and temperature below the lesion but preserved dorsal column function most likely has:,Anterior spinal artery infarct,Posterior spinal artery infarct,Complete transverse cord lesion,Central cord syndrome,a,Spinal cord,3,"Anterior spinal artery infarction affects the anterior two thirds of the cord, including spinothalamic tracts and corticospinal tracts, while sparing the dorsal columns. This produces bilateral loss of pain and temperature with preserved vibration and position sense.",
90,Which cranial nerve provides the afferent limb of the corneal reflex?,Facial nerve,Trigeminal nerve ophthalmic division,Oculomotor nerve,Abducens nerve,b,Cranial nerves,1,The ophthalmic division of the trigeminal nerve carries sensory input from the cornea as the afferent limb of the corneal reflex. The facial nerve mediates the efferent limb by causing contraction of the orbicularis oculi muscle.,
91,Which cranial nerve lesion typically causes difficulty shrugging the shoulder and turning the head against resistance?,Accessory nerve,Hypoglossal nerve,Vagus nerve,Glossopharyngeal nerve,a,Cranial nerves,1,The spinal accessory nerve innervates the sternocleidomastoid and trapezius muscles. Lesions produce weakness in head rotation away from the lesion side and difficulty elevating the shoulder on the affected side.,
92,Which brainstem lesion is classically associated with locked in syndrome?,Bilateral ventral pontine lesion,Bilateral medial medullary lesion,Dorsal midbrain lesion,Unilateral lateral medullary lesion,a,Brainstem,3,"Locked in syndrome usually results from a ventral pontine lesion, often due to basilar artery thrombosis, that damages corticospinal and corticobulbar tracts while sparing the reticular activating system and vertical eye movements. Patients are awake but quadriplegic and mute.",
93,A lesion of the subthalamic nucleus on the right will most likely lead to:,Right sided spasticity,Left sided hemiballismus,Bilateral resting tremor,Rigidity without abnormal movements,b,Basal ganglia,3,The subthalamic nucleus is part of the indirect basal ganglia pathway that suppresses movement. A unilateral lesion reduces inhibition of thalamocortical neurons and classically produces contralateral hemiballismus with violent flinging limb movements.,
94,Which part of the internal capsule carries most corticospinal fibers to the body?,Genu,Anterior limb,Posterior limb,Retrolenticular part,c,White matter,2,The posterior limb of the internal capsule contains corticospinal motor fibers and many sensory fibers between the thalamus and cortex. The genu mainly carries corticobulbar fibers to cranial nerve nuclei.,
95,Which structure separates the frontal and parietal lobes from the temporal lobe?,Central sulcus,Lateral sulcus or Sylvian fissure,Parieto occipital sulcus,Calcarine sulcus,b,Cortex,1,"The lateral sulcus, also called the Sylvian fissure, separates the frontal and parietal lobes superiorly from the temporal lobe inferiorly. The central sulcus instead separates the frontal and parietal lobes.",
96,Damage to the arcuate fasciculus in the dominant hemisphere typically results in:,Broca aphasia,Wernicke aphasia,Conduction aphasia,Global aphasia,c,Cortex,2,Lesions of the arcuate fasciculus disconnect Broca and Wernicke areas and produce conduction aphasia. Patients understand speech and are fluent but have marked difficulty with repetition and may make phonemic paraphasic errors.,
97,Which cranial nerve is most likely affected in a patient with tongue deviation to the right on protrusion?,Left hypoglossal nerve,Right hypoglossal nerve,Right glossopharyngeal nerve,Left vagus nerve,b,Cranial nerves,2,A lower motor neuron lesion of the hypoglossal nerve causes the tongue to deviate toward the side of the lesion due to unopposed action of the contralateral genioglossus. Deviation to the right on protrusion suggests a right hypoglossal nerve lesion.,
98,Which area of cortex is primarily responsible for motor planning and initiating complex movements rather than simple execution?,Primary motor cortex,Supplementary motor area,Primary somatosensory cortex,Primary visual cortex,b,Cortex,2,"The supplementary motor area, located on the medial surface of the frontal lobe, is involved in planning and coordinating internally generated complex movements. The primary motor cortex is more directly responsible for execution of voluntary movement.",
99,A unilateral lesion of the right spinothalamic tract at T8 will cause loss of pain and temperature:,On the right side at T8 only,On the left side beginning a few segments below T8,On the right side below T8,Bilaterally below T8,b,Spinal tracts,3,"Spinothalamic fibers cross within one or two segments of entry in the anterior white commissure and then ascend contralaterally. A right spinothalamic tract lesion at T8 causes contralateral, left sided loss of pain and temperature beginning a few segments below the lesion.",
100,Which structure is most closely associated with motivation and reward related behavior in the limbic system?,Nucleus accumbens,Substantia nigra pars reticulata,Red nucleus,Dentate gyrus,a,Limbic system,2,"The nucleus accumbens, receiving dopaminergic input from the ventral tegmental area, is a key component of the brain reward circuitry involved in motivation and reinforcement. It is implicated in addiction and goal directed behaviors.",
101,The red nucleus is primarily associated with which function?,Pain perception,Motor coordination via rubrospinal pathway,Visual reflexes,Autonomic control,b,Brainstem,2,The red nucleus in the midbrain influences limb flexor tone and motor coordination through the rubrospinal tract.,
102,The cerebellar flocculus is especially involved in:,Taste processing,Vestibulo-ocular reflex,Pain modulation,Temperature regulation,b,Cerebellum,2,The flocculus helps stabilize gaze by coordinating eye movements with vestibular input.,
103,The pineal gland primarily secretes:,Dopamine,Serotonin,Melatonin,Oxytocin,c,Endocrine neuroanatomy,1,Melatonin regulates circadian rhythm and sleep-wake cycles under hypothalamic control.,
104,Damage to the arcuate nucleus of the hypothalamus may impair regulation of:,Body temperature,Hunger and satiety,Breathing rhythm,Hormone storage in posterior pituitary,b,Hypothalamus,2,The arcuate nucleus integrates appetite-related hormonal signals affecting feeding behavior.,
105,The spinocerebellar tracts primarily carry:,Conscious proprioception,Unconscious proprioception,Pain and temperature,Motor output signals,b,Spinal tracts,2,Spinocerebellar pathways relay proprioceptive input for coordination without conscious perception.,
106,A unilateral lesion in the inferior olive disrupts which function most strongly?,Emotional processing,Procedural motor learning,Vision,Hearing,b,Brainstem cerebellum,3,Inferior olive damage affects climbing fiber input impairing motor learning.,
107,Which nerve provides parasympathetic supply to the lacrimal gland?,CN III,CN V,CN VII,CN IX,c,Cranial nerves,1,Facial nerve parasympathetic fibers innervate the lacrimal gland via the pterygopalatine ganglion.,
108,The ventral horn of the spinal cord contains:,Sensory relay neurons,Preganglionic sympathetic neurons,Lower motor neurons,Commissural interneurons only,c,Spinal cord,1,Lower motor neurons directly innervate skeletal muscle.,
109,Lesion of the posterior limb of internal capsule typically results in:,Isolated language impairment,Dense contralateral motor and sensory deficits,Ipsilateral facial numbness,Isolated visual loss,b,White matter,3,Posterior limb lesions cause dense contralateral deficits due to corticospinal and sensory fiber involvement.,
110,The calcarine sulcus is located in which lobe?,Frontal,Parietal,Occipital,Temporal,c,Cortex,1,The calcarine sulcus houses the primary visual cortex.,
111,Which nucleus regulates circadian rhythm?,Arcuate nucleus,Suprachiasmatic nucleus,Red nucleus,Subthalamic nucleus,b,Hypothalamus,1,The suprachiasmatic nucleus receives retinal input and governs sleep-wake cycles.,
112,Which structure processes olfactory signals before reaching cortex?,Amygdala only,Hippocampus only,Olfactory bulb and tract,Thalamus exclusively,c,Sensory pathways,2,Olfactory information is processed in the bulb and tract before reaching cortex and bypasses the thalamus initially.,
113,A lesion in the left MCA superior division most likely causes:,Fluent aphasia,Global aphasia,Broca aphasia,Anosmia,c,Vascular localization,3,Superior division MCA infarcts affect Broca area causing nonfluent aphasia with preserved comprehension.,
114,Which cranial nerve lesion causes uvula deviation away from the lesion?,CN V,CN IX/X complex,CN VII,CN XII,b,Cranial nerves,2,Vagus nerve weakness causes the uvula to be pulled toward the intact side.,
115,Which basal ganglia structure is targeted in deep brain stimulation for Parkinson disease?,Putamen,Caudate nucleus,Subthalamic nucleus,Hippocampus,c,Basal ganglia,3,Stimulation of the subthalamic nucleus improves motor symptoms by modulating the indirect pathway.,
116,The perforating arteries implicated in lacunar strokes are:,Choroidal arteries,Lenticulostriate arteries,Radicular arteries,Labyrinthine arteries,b,Vascular anatomy,2,Lenticulostriate arteries supply deep structures and are prone to hypertensive damage.,
117,The genu of the internal capsule mainly carries:,Visual fibers,Corticobulbar fibers,Corticospinal fibers,Spinothalamic fibers,b,White matter,2,Corticobulbar fibers in the genu project to cranial nerve motor nuclei.,
118,Damage to the ventromedial hypothalamus is associated with:,Anorexia,Hyperphagia,Insomnia,Hypothermia,b,Hypothalamus,2,The ventromedial nucleus acts as the satiety center and lesions cause overeating.,
119,The medial longitudinal fasciculus connects nuclei controlling:,Smell,Swallowing,Eye movements,Limb coordination,c,Brainstem pathways,2,The MLF coordinates conjugate gaze by linking ocular motor nuclei.,
120,The corticospinal tract decussates at which level?,Midbrain,Pons,Medullary pyramids,Cervical spinal cord,c,Motor pathways,1,Most corticospinal fibers cross in the pyramids of the medulla.,
121,A lesion involving Meyer's loop produces:,Superior quadrantanopia,Inferior quadrantanopia,Monocular blindness,Tunnel vision,a,Visual pathways,2,Meyer loop lesions affect inferior retinal fibers causing contralateral superior quadrantanopia.,
122,The anterior commissure connects:,Frontal lobes,Temporal lobes and olfactory pathways,Parietal lobes,Occipital lobes,b,White matter,2,The anterior commissure connects temporal lobes including olfactory regions.,
123,Which structure is critical for conditioned emotional memory?,Hippocampus,Amygdala,Putamen,Pineal gland,b,Limbic system,2,The amygdala is essential for fear conditioning and emotional learning.,
124,The posterior horn of the spinal cord primarily contains:,Motor neurons,Sensory relay neurons,Autonomic neurons,Purkinje cells,b,Spinal cord,1,The dorsal horn processes incoming sensory information.,
125,Which artery supplies the medial medulla?,PICA,SCA,Anterior spinal artery,MCA,c,Brainstem vascular,3,Anterior spinal artery infarcts cause medial medullary syndrome.,
126,Which artery supplies the lateral temporal and parietal cortex?,PCA,MCA,ACA,Vertebral artery,b,Cerebral blood supply,2,The MCA supplies most of the lateral cerebral hemispheres.,
127,A 55-year-old with expressive aphasia and arm weakness likely has a lesion in:,Right MCA,Left MCA superior division,Right PCA,Left ACA,b,Vascular localization,3,Left MCA superior division strokes affect Broca area and motor cortex.,
128,Which cranial nerve exits at the pontomedullary junction?,CN V,CN VI,CN VII,CN IV,c,Cranial nerves,1,CN VII exits at the pontomedullary junction with CN VIII.,
129,The ventral posterior lateral nucleus relays sensation from the:,Face,Body,Visual system,Auditory system,b,Thalamus,1,VPL relays somatic sensation from the body.,
130,Which tract decussates within 1–2 spinal segments?,Dorsal column,Spinothalamic,Corticospinal,Spinocerebellar,b,Spinal pathways,1,Spinothalamic fibers cross near their entry level.,
131,Intention tremor and dysmetria indicate a lesion in the:,Basal ganglia,Hippocampus,Cerebellar hemisphere,Frontal cortex,c,Cerebellum,2,Lateral cerebellar lesions impair coordination of planned movement.,
132,Which nucleus controls circadian rhythm?,Arcuate,Suprachiasmatic,Red,Subthalamic,b,Hypothalamus,1,The suprachiasmatic nucleus acts as the biological clock.,
133,CSF is found in which meningeal space?,Epidural,Subarachnoid,Subdural,Intracerebral,b,Meninges,1,CSF circulates in the subarachnoid space.,
134,Which structure connects hippocampus to mammillary bodies?,Internal capsule,Fornix,Cingulum,SLF,b,Limbic system,2,The fornix is the major efferent pathway of the hippocampus.,
135,Which cerebellar peduncle carries output fibers?,Inferior,Middle,Superior,Medial,c,Cerebellum,2,The superior peduncle carries cerebellar efferent fibers.,
136,A CT shows a crescent-shaped hyperdensity crossing sutures. Diagnosis?,EDH,SDH,SAH,ICH,b,Neuroimaging,2,Subdural hematomas cross suture lines and arise from bridging veins.,
137,Which cranial nerve controls tongue movement?,CN V,CN VII,CN IX,CN XII,d,Cranial nerves,1,CN XII innervates intrinsic and extrinsic tongue muscles.,
138,The caudate nucleus is involved in:,Fear processing,Memory consolidation,Motor planning and cognition,Vision,c,Basal ganglia,2,The caudate integrates motor and cognitive functions.,
139,Unconscious proprioception travels via the:,Corticospinal tract,Dorsal column,Spinocerebellar tract,Spinothalamic tract,c,Spinal pathways,1,Spinocerebellar tracts carry unconscious proprioception.,
140,Pure motor hemiparesis is classically due to a lesion in the:,Cerebellum,Pons,Posterior limb internal capsule,Occipital cortex,c,Localization,3,Lacunar infarcts of the posterior limb cause pure motor deficits.,
141,Which structure generates fear responses?,Putamen,Amygdala,Hypothalamus,Hippocampus,b,Limbic system,1,The amygdala mediates fear and threat perception.,
142,The anterior horn contains:,Sensory neurons,Upper motor neurons,Lower motor neurons,Interneurons,c,Spinal cord,1,Lower motor neurons reside in the ventral horn.,
143,Which sulcus separates frontal and parietal lobes?,Lateral,Central,Calcarine,Parieto-occipital,b,Cortex,1,The central sulcus divides frontal and parietal lobes.,
144,Optic radiation damage causes:,Ipsilateral blindness,Contralateral homonymous hemianopia,Bitemporal hemianopia,Superior quadrantanopia,b,Visual pathways,2,Postgeniculate lesions cause contralateral homonymous field loss.,
145,Alzheimer disease is associated with deficiency of:,Serotonin,Norepinephrine,Dopamine,Acetylcholine,d,Neurochemistry,1,Loss of cholinergic neurons contributes to memory impairment.,
146,Lateral medullary syndrome presents with:,Contralateral paralysis,Dysphagia and hoarseness,Locked-in syndrome,Ataxic hemiparesis,b,Brainstem syndromes,3,Wallenberg syndrome affects nucleus ambiguus causing dysphagia.,
147,Which thalamic nucleus relays facial sensation?,VPL,VPM,LGN,MGN,b,Thalamus,1,VPM relays trigeminal sensory input.,
148,The default mode network is active during:,Task execution,Motor planning,Resting introspection,Auditory processing,c,Networks,2,The DMN is active during rest and self-referential thought.,
149,A biconvex hyperdense bleed not crossing sutures is:,SDH,EDH,SAH,Contusion,b,Neuroimaging,2,Epidural hematomas are lens-shaped and arterial.,
150,Which artery supplies the posterior limb of internal capsule?,ACA,MCA,PCA,SCA,b,Vascular supply,2,Lenticulostriate branches of MCA supply the posterior limb.,
151,Which cortical area programs motor speech?,Broca area,Wernicke area,Angular gyrus,Heschl gyrus,a,Cortex,1,Broca area controls motor speech production.,
152,Left occipital infarct causes:,Left hemianopia,Right hemianopia,Bitemporal hemianopia,Monocular blindness,b,Visual pathways,2,Occipital lesions cause contralateral homonymous hemianopia.,
153,Procedural memory is mainly stored in the:,Cerebellum,Hippocampus,Frontal cortex,Amygdala,a,Memory systems,2,The cerebellum supports motor learning and procedural memory.,
154,The cingulate gyrus is involved in:,Vision,Emotion and motivation,Hearing,Touch,b,Limbic system,1,The cingulate integrates emotional and cognitive functions.,
155,Parkinson disease affects which pathways?,Direct only,Indirect only,Both direct and indirect,Spinocerebellar,c,Basal ganglia,2,Dopamine loss disrupts balance of both pathways.,
156,Parasympathetic fibers to the pupil run in:,CN III,CN IV,CN VII,CN VIII,a,Cranial nerves,1,The oculomotor nerve carries parasympathetic fibers for pupillary constriction.,
157,The superior cerebellar peduncle carries:,Afferent input,Efferent output,Sensory fibers,Olfactory fibers,b,Cerebellum,2,The superior peduncle contains cerebellar output fibers.,
158,Fast excitatory neurotransmission is mediated by:,GABA,Serotonin,Glutamate,Dopamine,c,Neurochemistry,1,Glutamate is the primary excitatory neurotransmitter.,
159,Painful third nerve palsy with pupil involvement suggests:,Diabetic neuropathy,Compressive aneurysm,MS,Lateral pontine stroke,b,Clinical localization,3,Posterior communicating artery aneurysm causes compressive palsy.,
160,Which structure connects the two thalami?,Internal capsule,Anterior commissure,Interthalamic adhesion,Corpus callosum,c,Anatomy,1,The interthalamic adhesion links the thalami when present.,
161,Hyperdense basal ganglia on CT suggests:,Ischemia,Atrophy,Hypertensive hemorrhage,SDH,c,Neuroimaging,2,Hypertensive hemorrhages commonly involve deep nuclei.,
162,Pyramidal decussation occurs in the:,Midbrain,Pons,Medulla,Cervical cord,c,Motor pathways,1,Corticospinal fibers cross in the medulla.,
163,Which structure regulates thirst?,Supraoptic nucleus,Arcuate nucleus,Lateral hypothalamus,OVLT,d,Hypothalamus,2,OVLT detects osmolarity and regulates thirst.,
164,Loss of vibration with preserved pain suggests lesion of:,Spinothalamic tract,Dorsal column,Anterior horn,Corticospinal tract,b,Spinal pathways,2,Dorsal column lesions impair vibration and proprioception.,
165,Which artery supplies visual cortex?,ACA,MCA,PCA,SCA,c,Vascular supply,1,PCA infarcts cause visual field defects.,
166,Lesion of right frontal eye field causes gaze deviation:,Left,Up,Down,Right,d,Cortex,2,Gaze deviates toward the lesion initially.,
167,Hippocampus is crucial for:,Procedural memory,Working memory,Declarative memory,Reflexes,c,Memory systems,1,Hippocampus consolidates declarative memory.,
168,Internuclear ophthalmoplegia involves damage to the:,Spinothalamic tract,MLF,Internal capsule,Rubrospinal tract,b,Brainstem pathways,2,MLF lesions impair conjugate gaze.,
169,Which cranial nerve exits dorsally?,Facial,Trochlear,Glossopharyngeal,Accessory,b,Cranial nerves,1,CN IV exits dorsally and decussates.,
170,Pulvinar nucleus is involved in:,Motor planning,Auditory processing,Visual-spatial attention,Language,c,Thalamus,2,Pulvinar integrates visual attention.,
171,Scanning speech and wide-based gait indicate lesion of:,Basal ganglia,Frontal cortex,Cerebellar vermis,Cingulate gyrus,c,Cerebellum,2,Vermis lesions cause truncal ataxia.,
172,Broca and Wernicke areas are connected by the:,Cingulum,Arcuate fasciculus,Corpus callosum,ILF,b,White matter,1,Arcuate fasciculus is essential for language repetition.,
173,Blood in cortical sulci on CT indicates:,EDH,SAH,SDH,Contusion,b,Neuroimaging,2,Subarachnoid hemorrhage fills sulci and fissures.,
174,Huntington disease involves loss of which neurotransmitter?,Glutamate,ACh,GABA,Serotonin,c,Neurochemistry,2,Loss of GABAergic neurons causes chorea.,
175,Damage to lateral corticospinal tract causes:,Flaccid paralysis,Spastic paralysis,Ataxia,Pain loss,b,Motor pathways,1,UMN lesions cause spasticity.,
176,Which area generates voluntary saccades?,Frontal eye field,Primary visual cortex,Basal ganglia,Hippocampus,a,Cortex,2,Frontal eye fields initiate saccadic eye movements.,
177,Genu of internal capsule lesion causes:,Pure sensory loss,Lower facial weakness,Visual loss,Ataxia,b,Localization,3,Genu contains corticobulbar fibers.,
178,Lingual gyrus processes:,Auditory input,Taste,Upper visual field,Lower visual field,c,Visual cortex,2,Lingual gyrus represents upper visual field.,
179,Stylopharyngeus muscle is innervated by:,CN V,CN VII,CN IX,CN X,c,Cranial nerves,1,CN IX innervates stylopharyngeus.,
180,Diffuse sulcal effacement on CT suggests:,Chronic atrophy,Cerebral edema,Hydrocephalus ex vacuo,Normal aging,b,Neuroimaging,2,Edema causes effacement of sulci and ventricles.,
181,Which hypothalamic nucleus conserves heat?,Anterior,Posterior,Arcuate,Septal,b,Hypothalamus,2,Posterior hypothalamus mediates heat conservation.,
182,Bilateral pain and temperature loss with spared dorsal columns indicates:,Brown-Sequard,Posterior cord,Anterior cord,Central cord,c,Spinal pathways,2,Anterior cord syndrome spares dorsal columns.,
183,Vertigo and nystagmus suggest lesion of the:,Vermis,Hemisphere,Flocculonodular lobe,Basal ganglia,c,Cerebellum,2,Flocculonodular lobe coordinates vestibular function.,
184,Reward and addiction are mediated by the:,Serotonergic system,Dopaminergic mesolimbic pathway,GABA system,Histamine,b,Neurochemistry,2,Mesolimbic dopamine mediates reward.,
185,Wernicke aphasia presents with:,Nonfluent speech,Fluent meaningless speech,Dysarthria,Normal language,b,Aphasia,2,Comprehension is impaired with fluent output.,
186,Lateral pontine syndrome is caused by infarct of the:,ACA,SCA,AICA,PCA,c,Brainstem vascular,3,AICA infarcts affect facial nucleus.,
187,Red nucleus lesions cause:,Resting tremor,Action tremor,Loss of vibration,LMN paralysis,b,Brainstem,2,Red nucleus damage causes action tremor.,
188,Upper limb proprioception travels via:,Spinothalamic,Fasciculus gracilis,Fasciculus cuneatus,Corticospinal,c,Spinal pathways,1,Cuneatus carries upper limb proprioception.,
189,Crossed hemiparesis suggests lesion in the:,Internal capsule,Midbrain,Medulla,Cortex,b,Localization,3,Brainstem lesions cause crossed findings.,
190,Autonomic fear responses are mediated by the:,Nucleus accumbens,Amygdala,Locus coeruleus,Insula,b,Limbic system,2,Amygdala links emotion with autonomic output.,
191,Lens-shaped epidural hematoma injures which vessel?,Middle meningeal artery,ACA,PICA,Venous sinus,a,Neuroimaging,2,EDH classically follows middle meningeal artery rupture.,
192,The medial geniculate nucleus relays:,Touch,Hearing,Vision,Taste,b,Thalamus,1,MGN relays auditory information.,
193,Dentate nucleus lesions cause:,Fine tremor,Severe dysmetria,Anosmia,Facial palsy,b,Cerebellum,2,Dentate lesions impair limb coordination.,
194,Primary inhibitory neurotransmitter in CNS?,Serotonin,Glutamate,GABA,Norepinephrine,c,Neurochemistry,1,GABA mediates inhibition in CNS.,
195,MLF coordinates:,Speech,Gaze,Memory,Hearing,b,Brainstem pathways,1,MLF synchronizes eye movements.,
196,Hemineglect is caused by lesion of the:,Left frontal lobe,Right parietal cortex,Left basal ganglia,Cerebellum,b,Cortex,2,Right parietal lesions cause neglect.,
197,Hunger drive is regulated by the:,Ventromedial nucleus,Lateral hypothalamus,Suprachiasmatic nucleus,Olfactory tubercle,b,Hypothalamus,1,Lateral hypothalamus stimulates feeding.,
198,Posterior limb internal capsule lesion causes:,Ipsilateral sensory loss,Contralateral motor and sensory loss,Diplopia,LMN paralysis,b,Localization,2,Posterior limb contains motor and sensory fibers.,
199,Hyperdensity in sylvian fissure on CT suggests:,Chronic infarct,Subarachnoid hemorrhage,Venous thrombosis,Normal,b,Neuroimaging,2,Sylvian fissure blood is typical of SAH.,
200,Dorsal column lesions first affect:,Pain and temperature,Proprioception and vibration,Motor control,Olfaction,b,Spinal pathways,1,Dorsal columns carry vibration and proprioception.,
